<odoo>
	<data>
		<record model="ir.module.category" id="base.module_category_human_resources_okr">
			<field name="name">OKR</field>
			<field name="description">Helps you manage and focus on your objectives and key results.</field>
			<field name="sequence">20</field>
		</record>

		<record id="group_okr_user" model="res.groups">
			<field name="name">User</field>
			<field name="category_id" ref="base.module_category_human_resources_okr" />
			<field name="implied_ids" eval="[(4, ref('base.group_user'))]" />
			<field name="comment">The user will be able to manage his/her own department's and subordinates objectives and key results.</field>
		</record>

		<record id="group_okr_officer" model="res.groups">
			<field name="name">Officer</field>
			<field name="category_id" ref="base.module_category_human_resources_okr" />
			<field name="implied_ids" eval="[(4, ref('group_okr_user'))]" />
			<field name="comment">The user will be able to manage all the objectives and key results.</field>
		</record>

		<record id="group_okr_admin" model="res.groups">
			<field name="name">Administrator</field>
			<field name="category_id" ref="base.module_category_human_resources_okr" />
			<field name="implied_ids" eval="[(4, ref('group_okr_officer'))]" />
			<field name="users"
				eval="[(4, ref('base.user_root')),(4, ref('base.user_admin'))]" />
		</record>
	</data>
	<data>
		<record id="okr_node_read_parent_node_different_companies" model="ir.rule">
			<field name="name">The owner of a key result can see the corresponding objective no matter which the company of the objective is</field>
			<field name="model_id" ref="model_okr_node" />
			<field name="domain_force">[('child_ids.user_id', 'in', user.ids)]</field>
			<field name="groups" eval="[(4, ref('base.group_user'))]" />
			<field name="perm_read" eval="True" />
			<field name="perm_write" eval="False" />
			<field name="perm_create" eval="False" />
			<field name="perm_unlink" eval="False" />
		</record>

		<record id="okr_node_read_child_node_different_companies" model="ir.rule">
			<field name="name">The owner of a objective can see all the corresponding key results no matter which the companies of the key results are</field>
			<field name="model_id" ref="model_okr_node" />
			<field name="domain_force">[('parent_id.user_id', 'in', user.ids)]</field>
			<field name="groups" eval="[(4, ref('base.group_user'))]" />
			<field name="perm_read" eval="True" />
			<field name="perm_write" eval="False" />
			<field name="perm_create" eval="False" />
			<field name="perm_unlink" eval="False" />
		</record>

		<record id="okr_node_employee_read_all" model="ir.rule">
			<field name="name">Employees Read All OKR Nodes</field>
			<field name="model_id" ref="model_okr_node" />
			<field name="domain_force">[('company_id', 'in', company_ids + [False])]</field>
			<field name="groups" eval="[(4, ref('base.group_user'))]" />
			<field name="perm_read" eval="True" />
			<field name="perm_write" eval="False" />
			<field name="perm_create" eval="False" />
			<field name="perm_unlink" eval="False" />
		</record>

		<record id="okr_node_employee_own_rule" model="ir.rule">
			<field name="name">Employees: Personal OKR Node</field>
			<field name="model_id" ref="model_okr_node" />
			<field name="domain_force">[
			'&amp;',
			('company_id', 'in', company_ids + [False]),
			('user_id', 'in', [user.id, False])]</field>
			<field name="groups" eval="[(4, ref('base.group_user'))]" />
			<field name="perm_read" eval="True" />
			<field name="perm_write" eval="True" />
			<field name="perm_create" eval="True" />
			<field name="perm_unlink" eval="True" />
		</record>

		<record id="okr_node_department_own_rule" model="ir.rule">
			<field name="name">Own OKR Node</field>
			<field name="model_id" ref="model_okr_node" />
			<field name="domain_force">[
				'&amp;',
				('company_id', 'in', company_ids + [False]),
				'&amp;',
				'|',('mode', '=', 'department'),('mode', '=', 'employee'),
				'|',('employee_id','in',user.employee_id.subordinate_ids.ids),
					'|',('department_id', '=', user.employee_id.department_id.id),('department_id', 'in', user.employee_id.department_id.recursive_child_ids.ids),
				]</field>
			<field name="groups" eval="[(4, ref('group_okr_user'))]" />
			<field name="perm_read" eval="True" />
			<field name="perm_write" eval="True" />
			<field name="perm_create" eval="True" />
			<field name="perm_unlink" eval="True" />
		</record>

		<record id="okr_node_all_rule" model="ir.rule">
			<field name="name">All OKR Node</field>
			<field name="model_id" ref="model_okr_node" />
			<field name="domain_force">[('company_id', 'in', company_ids + [False])]</field>
			<field name="groups"
				eval="[(4, ref('to_okr.group_okr_officer'))]" />
		</record>

		<record id="okr_node_all_rule_admin" model="ir.rule">
			<field name="name">Admin</field>
			<field name="model_id" ref="model_okr_node" />
			<field name="domain_force">[('company_id', 'in', company_ids + [False])]</field>
			<field name="groups"
				eval="[(4, ref('to_okr.group_okr_admin'))]" />
		</record>
	</data>
</odoo>
