<?xml version="1.0" encoding="UTF-8"?>
<templates id="template" xml:space="preserve">
    <div t-name="HierarchyView.HierarchyView" class="o_hierarchy_container">
         <div class="o_hierarchy_view">
             <div class="o_hierarchy_widget"/>
         </div>
    </div>

    <t t-name="HierarchyView.buttons">
        <div class="o_hierarchy_buttons" role="toolbar"
             aria-label="Main actions">
            <t t-if="widget.is_action_enabled('create')">
                <button type="button"
                    data-toggle="tooltip" data-placement="top"
                    title="Create a new record"
                    class="btn btn-primary o-hierarchy-button-new"
                    accesskey="c">
                        <t t-esc="create_text || _t('Create')"/>
            </button>
            </t>
            <button type="button"
                    data-toggle="tooltip"
                    data-placement="top"
                    title="View Fullscreen"
                    class="btn btn-secondary btn-fullscreen">
                [ ]
            </button>
            <div class="btn-group btn-view"
                 data-toggle="tooltip"
                 data-placement="top"
                 title="Change the direction of hierarchy view from top,bottom,left,right">
                <button class="btn btn-info dropdown-toggle btn-view-direction"
                    id="view-options"
                    data-toggle="dropdown"
                    aria-expanded="false">
            View Direction
        </button>
                <div class="dropdown-menu o_hierarchy_view_op_list"
                     aria-labelledby="view-options">
            <button class="dropdown-item" id="t2b">Top</button>
                    <button class="dropdown-item" id="b2t">Bottom</button>
                    <button class="dropdown-item" id="l2r">Left</button>
                    <button class="dropdown-item" id="r2l">Right</button>
        </div>
            </div>
            <div class="btn-group btn-export-grp"
                 data-toggle="tooltip"
                 data-placement="top"
                 title="Export hierarchy view to png or pdf"
            >
            <button type="button" class="btn dropdown-toggle btn-export"
                    data-toggle="dropdown" aria-expanded="false"
                    id="ExportFile">Export
            </button>
                <div class="dropdown-menu export-btn-list"
                     x-placement="bottom-start"
                     aria-labelledby="ExportFile">
                    <button class="dropdown-item" id="export_png">PNG</button>
                    <button class="dropdown-item" id="export_pdf">PDF</button>
                </div>
                <button class="btn btn-success btn-info-tips"
                        data-toggle="tooltip"
                        data-placement="top"
                        title="See best tips on how to work with the view">
                    <i class="fa fa-info-circle"/>
                </button>
            </div>
            <label class="input-checker"
                   data-toggle="tooltip"
                   data-placement="top"
                   title="Export both png and pdf without background"> No Bck
                <input type="checkbox" value="no_bck" name="no_bck" id="no_bck"/>
            </label>
            <div class="btn-group">
                <label class="input-checker"
                       data-toggle="tooltip"
                       data-placement="top"
                       title="Enable zoom in and out through mouse wheel"> Zoom
                    <input type="checkbox" value="zoom" name="can_zoom" id="can_zoom"/>
                </label>
                <label class="input-checker"
                       data-toggle="tooltip"
                       data-placement="top"
                       title="Enable drag of hierarchy structure using mouse hold">
                    Drag
                    <input type="checkbox" value="drag" name="can_drag" id="can_drag"/>
                </label>
            </div>
        </div>
    </t>

    <t t-name="HierarchyTips">
        <div class="container">
            <h1 class="jumbotron tips-header text-primary">Basic Tips</h1>
            <div class="card" id="first">
                <div class="card-body">
                    <h5 class="card-title">Toggle Fullscreen View</h5>
                    <p class="card-text">
                        Click on the <b>[ ]</b> button to toggle through normal
                        and full screen view.
                        <br/><br/>
                        <b>NB:</b> Be careful using fullscreen option with
                        custom web themes modifying menus.
                    </p>
                    <button class="btn btn-info">Fullscreen Tip
                        <span class="badge badge-light"> 1</span>
                    </button>
                </div>
            </div>
            <div class="card" id="second">
                <div class="card-body">
                    <h5 class="card-title">Nodes Overlapping</h5>
                    <p class="card-text">
                        When description text wraps to next line, you will
                        notice the nodes overlapping. Best approach is to
                        collapse the node or change the node view to either
                        <b>top</b> or <b>bottom</b> view.
                        <br/><br/>
                        <b>NB:</b> Keep your naming small if possible use
                        short hand words e.g <i>Benz, Audi, CEO, IT,
                        UCLA, HRM, PR, Admin, GOAT, LOL,
                        CCO(Chief Compliance Officer), VP(vice president)</i>.
                     </p>
                    <button class="btn btn-warning">Overlap of Nodes Tip
                           <span class="badge badge-light">2</span>
                    </button>
                </div>
            </div>
            <div class="card" id="third">
                <div class="card-body">
                    <h5 class="card-title">Change Hierarchy View</h5>
                    <p class="card-text">
                        The hierarchy/tree view can change direction
                        based on root node position from
                        <i>top,bottom,left,right</i> by clicking the <b>View
                        Direction</b> button.
                    </p>
                    <button class="btn btn-info">Hierarchy View
                        Direction Tip <span class="badge badge-light"> 3</span>
                    </button>
                </div>
            </div>
            <div class="card" id="fourth">
                <div class="card-body">
                    <h5 class="card-title">Zoom Tree</h5>
                    <p class="card-text">
                        To zoom, check the <b>zoom</b> option above,
                        no need to refresh the view, it will do it
                        automatically.
                        <br/>
                        <b>NB:</b> Use <i>Mouse Wheel</i> to zoom or <i>scroll
                        pad</i> on your laptop. Make sure you are in the
                        tree image position.
                    </p>
                    <button class="btn btn-info">Zoom Tree View Tip  <span
                            class="badge badge-light"> 4</span></button>
                </div>
            </div>
            <div class="card" id="fifth">
                <div class="card-body">
                    <h5 class="card-title">Drag Tree</h5>
                    <p class="card-text">
                        To drag tree, check the <b>Drag</b> option above,
                        no need to refresh the view, it will do it
                        automatically.
                        <br/>
                        <b>NB:</b> Make sure your on the image to drag.
                    </p>
                    <button class="btn btn-info">Drag Tree View Tip  <span
                            class="badge badge-light"> 5</span></button>
                </div>
            </div>
            <div class="card" id="sixth">
                <div class="card-body">
                    <h5 class="card-title">Export</h5>
                    <p class="card-text">
                        Hierarchy/tree view can be exported to PNG or PDF as the
                        supported types. Just Click on <b>Export</b> button and
                        it will be automatically be processed.
                    </p>
                    <button class="btn btn-info">Export File Tip   <span
                            class="badge badge-light"> 6</span></button>
                </div>
            </div>
            <div class="card" id="seventh">
                <div class="card-body">
                    <h5 class="card-title">Export with No Background</h5>
                    <p class="card-text">
                        Hierarchy/tree view can be exported to PNG or PDF
                        with no background by first checking the <b>No Bck</b>
                        option, then clicking on <i>Export</i> button to process
                        the files.
                        <br/><br/>
                        <b>NB:</b> Background in PDF is black, to attach to a
                        document, just take the PNG image and attach with a word
                        processor, then export to PDF. Attach using whatever
                        word editor your using, encode the image manually e,g
                        latex, google docs etc.
                    </p>
                    <button class="btn btn-info">Export File Tip   <span
                            class="badge badge-light"> 7</span></button>
                </div>
            </div>
            <div class="card" id="eighth">
                <div class="card-body">
                    <h5 class="card-title">Export with Drag or Zoom</h5>
                    <p class="card-text">
                        Hierarchy/tree view can be exported but when using
                        drag and Zoom options issues may arise. The <b>Best
                        practice</b> is to collapse nodes the export them based
                        on your need.
                        <br/>
                        <b>NB:</b> screenshot tools and auto zoom of browsers
                        can also be used in combination to achieve desired goals.
                    </p>
                    <button class="btn btn-danger">Export Issues Tip
                        <span class="badge badge-light"> 8</span></button>
                </div>
            </div>
            <div class="card" id="ninth">
                <div class="card-body">
                    <h5 class="card-title">Click On Node</h5>
                    <p class="card-text">
                        Clicking on a <b>node</b> will open the node as a form
                        record for editing.
                        <br/>
                        <b>NB:</b> To collapse, please click on the <b
                            class="text-success">green arrows &lt; ^ &gt; </b>
                        not the node.
                    </p>
                    <button class="btn btn-primary">Click on Nodes Tip <span
                            class="badge badge-light"> 9</span></button>
                </div>
            </div>
            <div class="card" id="tenth">
                <div class="card-body">
                    <h5 class="card-title">Click On Root Node</h5>
                    <p class="card-text">
                        Clicking on a <b>root node</b> will open tree/list
                        wizard of records grouped based on <i>"parent field"</i>
                        defined in xml view.
                        <br/>
                        <b>NB:</b> To collapse, please click on the <b
                            class="text-success">green arrows</b>
                        not the node.
                    </p>
                    <button class="btn btn-success">Click on Root Node
                        Tip  <span class="badge badge-light"> 10</span></button>
                </div>
            </div>
            <div class="card" id="eleventh">
                <div class="card-body">
                    <h5 class="card-title">Change Nodes Color</h5>
                    <p class="card-text">
                        Clicking on a <b>root node</b> title will open
                        color change wizard, choose or add a color.
                        <br/>
                        <b>NB:</b> To open tree view click on <b
                            class="text-success"> root node content</b>
                        not the node title.
                    </p>
                    <button class="btn btn-primary">Change Nodes Color
                        Tip  <span class="badge badge-light"> 11</span></button>
                </div>
            </div>
        </div>
    </t>

    <t t-name="ColorPalette">
        <input class="form-control" id="colorpicker"/>
    </t>
</templates>